{"mean":{"confidence_interval":{"confidence_level":0.95,"lower_bound":400888302.2875,"upper_bound":401145347.34},"point_estimate":401010524.64,"standard_error":65591.41034128808},"median":{"confidence_interval":{"confidence_level":0.95,"lower_bound":400879740.5,"upper_bound":401144386.5},"point_estimate":401026195.5,"standard_error":69660.6373426751},"median_abs_dev":{"confidence_interval":{"confidence_level":0.95,"lower_bound":348301.2258189172,"upper_bound":622216.8156534433},"point_estimate":503573.23535978794,"standard_error":69195.46418660715},"slope":null,"std_dev":{"confidence_interval":{"confidence_level":0.95,"lower_bound":458669.7329502998,"upper_bound":857928.5924335186},"point_estimate":659447.2365418766,"standard_error":103762.31372124975}}