{"mean":{"confidence_interval":{"confidence_level":0.95,"lower_bound":-0.055194901943550444,"upper_bound":-0.048595939511104545},"point_estimate":-0.051743197437313926,"standard_error":0.0016839913689725538},"median":{"confidence_interval":{"confidence_level":0.95,"lower_bound":-0.05161885161055213,"upper_bound":-0.046043968159870836},"point_estimate":-0.048565842944374826,"standard_error":0.0013616890267336488}}