{"mean":{"confidence_interval":{"confidence_level":0.95,"lower_bound":3562424.959200002,"upper_bound":3562978.7474666676},"point_estimate":3562690.691333335,"standard_error":141.3368914140101},"median":{"confidence_interval":{"confidence_level":0.95,"lower_bound":3561973.6333333333,"upper_bound":3562320.533333333},"point_estimate":3562090.6333333333,"standard_error":88.03297335897481},"median_abs_dev":{"confidence_interval":{"confidence_level":0.95,"lower_bound":415.4245126243264,"upper_bound":846.4657449719068},"point_estimate":591.8539094924237,"standard_error":107.67439882214974},"slope":null,"std_dev":{"confidence_interval":{"confidence_level":0.95,"lower_bound":1092.5288992058838,"upper_bound":1691.2536169666691},"point_estimate":1419.77412046607,"standard_error":153.46888997282022}}