{"mean":{"confidence_interval":{"confidence_level":0.95,"lower_bound":1800075632.51725,"upper_bound":1907498865.48275},"point_estimate":1858668964.85,"standard_error":27571776.988191716},"median":{"confidence_interval":{"confidence_level":0.95,"lower_bound":1934489624.0,"upper_bound":1950986746.5},"point_estimate":1950724864.5,"standard_error":3252594.354761242},"median_abs_dev":{"confidence_interval":{"confidence_level":0.95,"lower_bound":1243469.3112190082,"upper_bound":25063625.3534317},"point_estimate":3973003.209865093,"standard_error":6731342.651122364},"slope":null,"std_dev":{"confidence_interval":{"confidence_level":0.95,"lower_bound":167880858.98962817,"upper_bound":363404543.6986602},"point_estimate":277274040.1143122,"standard_error":50097151.958584756}}