{"mean":{"confidence_interval":{"confidence_level":0.95,"lower_bound":28669.79809167782,"upper_bound":28846.072003774985},"point_estimate":28753.488075628018,"standard_error":44.9763802147631},"median":{"confidence_interval":{"confidence_level":0.95,"lower_bound":28407.235294117647,"upper_bound":28947.662620603798},"point_estimate":28576.843762059652,"standard_error":199.7983450803965},"median_abs_dev":{"confidence_interval":{"confidence_level":0.95,"lower_bound":43.44160790466075,"upper_bound":681.4665928940419},"point_estimate":302.962010865539,"standard_error":205.55735213094843},"slope":{"confidence_interval":{"confidence_level":0.95,"lower_bound":28554.86613323363,"upper_bound":28749.53817938972},"point_estimate":28648.88128078304,"standard_error":49.81934484806441},"std_dev":{"confidence_interval":{"confidence_level":0.95,"lower_bound":333.87714787119205,"upper_bound":591.2226855394777},"point_estimate":450.79849622168695,"standard_error":71.96699212856143}}