{"mean":{"confidence_interval":{"confidence_level":0.95,"lower_bound":10.041810999733553,"upper_bound":10.167400404785122},"point_estimate":10.084113637337726,"standard_error":0.040978561753262456},"median":{"confidence_interval":{"confidence_level":0.95,"lower_bound":10.040152439897486,"upper_bound":10.04072070726984},"point_estimate":10.040411244108757,"standard_error":0.0001253392998852406},"median_abs_dev":{"confidence_interval":{"confidence_level":0.95,"lower_bound":0.0007625652470237543,"upper_bound":0.0015526548962513324},"point_estimate":0.0010262387608449004,"standard_error":0.0002035044871918358},"slope":{"confidence_interval":{"confidence_level":0.95,"lower_bound":10.040726737880128,"upper_bound":10.043131176382373},"point_estimate":10.041754608354509,"standard_error":0.0006240641948354004},"std_dev":{"confidence_interval":{"confidence_level":0.95,"lower_bound":0.005947843565204904,"upper_bound":0.7049053421656417},"point_estimate":0.41111855256589414,"standard_error":0.25509051604100264}}