{"mean":{"confidence_interval":{"confidence_level":0.95,"lower_bound":0.002063209199793028,"upper_bound":0.009210230413040097},"point_estimate":0.005364201000558788,"standard_error":0.0018313544335650583},"median":{"confidence_interval":{"confidence_level":0.95,"lower_bound":0.00006976471328035139,"upper_bound":0.0024156937368315923},"point_estimate":0.00097010211460824,"standard_error":0.0006221411994618831}}