{"mean":{"confidence_interval":{"confidence_level":0.95,"lower_bound":143735344.33925,"upper_bound":143823941.09825},"point_estimate":143773752.86,"standard_error":22810.841832441587},"median":{"confidence_interval":{"confidence_level":0.95,"lower_bound":143696892.5,"upper_bound":143783111.0},"point_estimate":143748190.0,"standard_error":21741.42190821086},"median_abs_dev":{"confidence_interval":{"confidence_level":0.95,"lower_bound":112928.15739512444,"upper_bound":183313.10854554176},"point_estimate":155411.31834089756,"standard_error":18280.35837228696},"slope":null,"std_dev":{"confidence_interval":{"confidence_level":0.95,"lower_bound":119903.91991448226,"upper_bound":351713.8210639783},"point_estimate":229522.0916233819,"standard_error":75075.85371881055}}