{"mean":{"confidence_interval":{"confidence_level":0.95,"lower_bound":-0.0036875892557350623,"upper_bound":0.0021509581063450835},"point_estimate":-0.000719645903273114,"standard_error":0.0014822339421125877},"median":{"confidence_interval":{"confidence_level":0.95,"lower_bound":-0.0033785987973995457,"upper_bound":0.002404775475171026},"point_estimate":-0.0015810630834288686,"standard_error":0.00133387955802552}}