{"mean":{"confidence_interval":{"confidence_level":0.95,"lower_bound":-0.011947749323413071,"upper_bound":0.0010823050246418654},"point_estimate":-0.00392895098201218,"standard_error":0.0035159069859679983},"median":{"confidence_interval":{"confidence_level":0.95,"lower_bound":-0.00007877229898230736,"upper_bound":0.0035354571461281292},"point_estimate":0.0012732501796768325,"standard_error":0.0009185208703496192}}