{"mean":{"confidence_interval":{"confidence_level":0.95,"lower_bound":97198908.29,"upper_bound":97358332.1725},"point_estimate":97267396.89,"standard_error":41148.589255381536},"median":{"confidence_interval":{"confidence_level":0.95,"lower_bound":97138976.0,"upper_bound":97180031.0},"point_estimate":97152121.5,"standard_error":9717.04531580903},"median_abs_dev":{"confidence_interval":{"confidence_level":0.95,"lower_bound":43413.49242925644,"upper_bound":87050.85745453835},"point_estimate":62541.99728965759,"standard_error":10777.800967481684},"slope":null,"std_dev":{"confidence_interval":{"confidence_level":0.95,"lower_bound":171150.07932213086,"upper_bound":634296.2952914356},"point_estimate":415315.4447274621,"standard_error":130010.71556007191}}