{"mean":{"confidence_interval":{"confidence_level":0.95,"lower_bound":1738951.5697746251,"upper_bound":1759485.563996473},"point_estimate":1747572.317476612,"standard_error":5318.262523102935},"median":{"confidence_interval":{"confidence_level":0.95,"lower_bound":1732461.9712807948,"upper_bound":1741221.5263157894},"point_estimate":1737312.5585106383,"standard_error":2449.1273965454106},"median_abs_dev":{"confidence_interval":{"confidence_level":0.95,"lower_bound":10937.952481562548,"upper_bound":18391.859894019646},"point_estimate":13023.77157157959,"standard_error":1812.0886684247168},"slope":{"confidence_interval":{"confidence_level":0.95,"lower_bound":1731029.6864229399,"upper_bound":1736721.456778411},"point_estimate":1733794.1956435645,"standard_error":1452.08409776577},"std_dev":{"confidence_interval":{"confidence_level":0.95,"lower_bound":19355.751704234095,"upper_bound":83993.44024339509},"point_estimate":53415.45713882168,"standard_error":18747.101003248787}}