{"mean":{"confidence_interval":{"confidence_level":0.95,"lower_bound":-0.04282411920691015,"upper_bound":-0.01439209066450581},"point_estimate":-0.028908428695455957,"standard_error":0.0072529365403474},"median":{"confidence_interval":{"confidence_level":0.95,"lower_bound":-0.06248276907879513,"upper_bound":-0.0024794003158846722},"point_estimate":-0.04739702741271956,"standard_error":0.021212684438001457}}