{"mean":{"confidence_interval":{"confidence_level":0.95,"lower_bound":5312904.430999998,"upper_bound":5327999.39},"point_estimate":5319262.276999999,"standard_error":3912.7007508538804},"median":{"confidence_interval":{"confidence_level":0.95,"lower_bound":5309408.5,"upper_bound":5316167.7},"point_estimate":5312082.2,"standard_error":1943.7765020599763},"median_abs_dev":{"confidence_interval":{"confidence_level":0.95,"lower_bound":10780.29204811159,"upper_bound":16958.71979892254},"point_estimate":13834.140354394222,"standard_error":1528.274480393122},"slope":null,"std_dev":{"confidence_interval":{"confidence_level":0.95,"lower_bound":12956.871820817647,"upper_bound":61857.40257142861},"point_estimate":39467.68306816934,"standard_error":13598.702794658722}}