{"mean":{"confidence_interval":{"confidence_level":0.95,"lower_bound":2393182.910083333,"upper_bound":2460474.396678572},"point_estimate":2429970.678571429,"standard_error":17256.33799092383},"median":{"confidence_interval":{"confidence_level":0.95,"lower_bound":2483627.619047619,"upper_bound":2486956.714285714},"point_estimate":2484911.6904761903,"standard_error":819.558546800326},"median_abs_dev":{"confidence_interval":{"confidence_level":0.95,"lower_bound":4662.706317220481,"upper_bound":11974.253987414464},"point_estimate":7680.503263643908,"standard_error":1902.7167408115884},"slope":null,"std_dev":{"confidence_interval":{"confidence_level":0.95,"lower_bound":96595.37177774691,"upper_bound":230479.40612696993},"point_estimate":173044.08410810746,"standard_error":34055.71630098634}}