{"mean":{"confidence_interval":{"confidence_level":0.95,"lower_bound":205244178.407,"upper_bound":205377412.63325},"point_estimate":205308842.19,"standard_error":34008.12977227074},"median":{"confidence_interval":{"confidence_level":0.95,"lower_bound":205202925.5,"upper_bound":205339947.0},"point_estimate":205279534.5,"standard_error":34275.060859458215},"median_abs_dev":{"confidence_interval":{"confidence_level":0.95,"lower_bound":265615.9395843744,"upper_bound":432054.83652949333},"point_estimate":329650.91504752636,"standard_error":43898.715023816374},"slope":null,"std_dev":{"confidence_interval":{"confidence_level":0.95,"lower_bound":277905.53131922294,"upper_bound":414906.46254433336},"point_estimate":341902.07354648743,"standard_error":36155.00492083558}}