{"mean":{"confidence_interval":{"confidence_level":0.95,"lower_bound":3461127.543900001,"upper_bound":3467330.0435000006},"point_estimate":3463808.365333332,"standard_error":1594.5930027483348},"median":{"confidence_interval":{"confidence_level":0.95,"lower_bound":3459639.466666667,"upper_bound":3462689.533333333},"point_estimate":3461303.6,"standard_error":730.8816916401315},"median_abs_dev":{"confidence_interval":{"confidence_level":0.95,"lower_bound":6288.200688362352,"upper_bound":11084.51044321081},"point_estimate":8758.360504508386,"standard_error":1273.4641779466326},"slope":null,"std_dev":{"confidence_interval":{"confidence_level":0.95,"lower_bound":8390.044937371758,"upper_bound":24349.158706462036},"point_estimate":16003.170218547788,"standard_error":5039.335776724389}}