{"mean":{"confidence_interval":{"confidence_level":0.95,"lower_bound":697.1235519834046,"upper_bound":698.2595987623555},"point_estimate":697.6934543460586,"standard_error":0.2902789062030669},"median":{"confidence_interval":{"confidence_level":0.95,"lower_bound":697.2835170558111,"upper_bound":699.128941488041},"point_estimate":697.8855324390911,"standard_error":0.37978218362203847},"median_abs_dev":{"confidence_interval":{"confidence_level":0.95,"lower_bound":2.531509174018464,"upper_bound":4.461364670020717},"point_estimate":3.6408622130140023,"standard_error":0.4614327738168157},"slope":{"confidence_interval":{"confidence_level":0.95,"lower_bound":697.0930406530501,"upper_bound":698.4285515611713},"point_estimate":697.760847329541,"standard_error":0.3402867510225096},"std_dev":{"confidence_interval":{"confidence_level":0.95,"lower_bound":2.6159645063083206,"upper_bound":3.1885795750833803},"point_estimate":2.9326612164233854,"standard_error":0.146070244596231}}