{"mean":{"confidence_interval":{"confidence_level":0.95,"lower_bound":-0.00250032771889036,"upper_bound":0.004242863589334617},"point_estimate":0.0009412809322135729,"standard_error":0.0017236253949846616},"median":{"confidence_interval":{"confidence_level":0.95,"lower_bound":-0.00094503637107346,"upper_bound":0.005426293088292455},"point_estimate":0.003062829913705656,"standard_error":0.0016401357671790072}}