{"mean":{"confidence_interval":{"confidence_level":0.95,"lower_bound":-0.0025970931345517777,"upper_bound":0.00030850229779680826},"point_estimate":-0.0010700853555349887,"standard_error":0.0007406080528075648},"median":{"confidence_interval":{"confidence_level":0.95,"lower_bound":-0.0008615471886291831,"upper_bound":0.0008632444445422216},"point_estimate":-0.00004164813726059702,"standard_error":0.00046288844845415045}}