{"mean":{"confidence_interval":{"confidence_level":0.95,"lower_bound":2017230.044830001,"upper_bound":2050542.6170100002},"point_estimate":2034210.4420000003,"standard_error":8507.015517100619},"median":{"confidence_interval":{"confidence_level":0.95,"lower_bound":1995911.06,"upper_bound":2079281.54},"point_estimate":2052034.74,"standard_error":29061.675296586687},"median_abs_dev":{"confidence_interval":{"confidence_level":0.95,"lower_bound":36842.46108591543,"upper_bound":119025.04659518291},"point_estimate":86658.59115350252,"standard_error":18318.826294833852},"slope":null,"std_dev":{"confidence_interval":{"confidence_level":0.95,"lower_bound":68020.16682076275,"upper_bound":100101.35868239687},"point_estimate":85182.38897856732,"standard_error":8188.673377141847}}