{"mean":{"confidence_interval":{"confidence_level":0.95,"lower_bound":0.0017141606894570229,"upper_bound":0.005747498290648299},"point_estimate":0.003651797110154398,"standard_error":0.0010340374194714051},"median":{"confidence_interval":{"confidence_level":0.95,"lower_bound":0.0006100626698637424,"upper_bound":0.008297194717200444},"point_estimate":0.005879324665819086,"standard_error":0.002067971573954383}}