{"mean":{"confidence_interval":{"confidence_level":0.95,"lower_bound":0.018097093169957924,"upper_bound":0.027879611751538372},"point_estimate":0.022523382331106845,"standard_error":0.00250409892817087},"median":{"confidence_interval":{"confidence_level":0.95,"lower_bound":0.015534338387459545,"upper_bound":0.01716182375779529},"point_estimate":0.016234013350552967,"standard_error":0.0004115915560677827}}