{"mean":{"confidence_interval":{"confidence_level":0.95,"lower_bound":0.007683264479441937,"upper_bound":0.009623412908017765},"point_estimate":0.008660567996021884,"standard_error":0.0004958265386395221},"median":{"confidence_interval":{"confidence_level":0.95,"lower_bound":0.007337823951726108,"upper_bound":0.009716594271434342},"point_estimate":0.00804472132258538,"standard_error":0.0006150341279489333}}