{"mean":{"confidence_interval":{"confidence_level":0.95,"lower_bound":140439114.68825,"upper_bound":140655535.72925},"point_estimate":140541374.84,"standard_error":55171.82808299889},"median":{"confidence_interval":{"confidence_level":0.95,"lower_bound":140407923.0,"upper_bound":140465704.5},"point_estimate":140450190.5,"standard_error":16449.139237261683},"median_abs_dev":{"confidence_interval":{"confidence_level":0.95,"lower_bound":98692.97374784946,"upper_bound":205836.76734566689},"point_estimate":137371.0418611765,"standard_error":28215.184501558375},"slope":null,"std_dev":{"confidence_interval":{"confidence_level":0.95,"lower_bound":406999.4869424449,"upper_bound":675668.2527088367},"point_estimate":556791.3516292666,"standard_error":68515.13906998423}}