{"mean":{"confidence_interval":{"confidence_level":0.95,"lower_bound":2853955.600513888,"upper_bound":2865398.360402781},"point_estimate":2858129.613888889,"standard_error":3139.5897751908988},"median":{"confidence_interval":{"confidence_level":0.95,"lower_bound":2852741.8333333335,"upper_bound":2854138.277777778},"point_estimate":2853626.527777778,"standard_error":356.9826389002582},"median_abs_dev":{"confidence_interval":{"confidence_level":0.95,"lower_bound":1819.8091010256853,"upper_bound":2947.4911143381623},"point_estimate":2408.154190580357,"standard_error":286.65719572533544},"slope":null,"std_dev":{"confidence_interval":{"confidence_level":0.95,"lower_bound":2794.0394146505328,"upper_bound":52941.471338084084},"point_estimate":31428.757538035297,"standard_error":15905.811109479058}}