{"mean":{"confidence_interval":{"confidence_level":0.95,"lower_bound":48504040.31825,"upper_bound":48561503.228625},"point_estimate":48530385.32,"standard_error":14650.699179179373},"median":{"confidence_interval":{"confidence_level":0.95,"lower_bound":48481669.0,"upper_bound":48539101.75},"point_estimate":48512820.25,"standard_error":15774.031409831588},"median_abs_dev":{"confidence_interval":{"confidence_level":0.95,"lower_bound":84439.99890089035,"upper_bound":132860.6020912528},"point_estimate":111875.51141381264,"standard_error":11984.06134424099},"slope":null,"std_dev":{"confidence_interval":{"confidence_level":0.95,"lower_bound":92548.92918101444,"upper_bound":211856.41998347247},"point_estimate":147710.35736430096,"standard_error":36041.54394795744}}