{"mean":{"confidence_interval":{"confidence_level":0.95,"lower_bound":180347462.36,"upper_bound":190947305.703},"point_estimate":186110016.49,"standard_error":2715980.915885838},"median":{"confidence_interval":{"confidence_level":0.95,"lower_bound":193957798.0,"upper_bound":194029629.5},"point_estimate":193975567.0,"standard_error":18719.463049954662},"median_abs_dev":{"confidence_interval":{"confidence_level":0.95,"lower_bound":108645.66737115383,"upper_bound":208122.93650507927},"point_estimate":151268.93401443958,"standard_error":27449.387034923566},"slope":null,"std_dev":{"confidence_interval":{"confidence_level":0.95,"lower_bound":15980920.248943117,"upper_bound":36026182.60838679},"point_estimate":27319580.83175831,"standard_error":5103437.564029448}}