{"mean":{"confidence_interval":{"confidence_level":0.95,"lower_bound":-0.003433694056054656,"upper_bound":-0.0005289306515478432},"point_estimate":-0.0018692687258452523,"standard_error":0.0007418018778225262},"median":{"confidence_interval":{"confidence_level":0.95,"lower_bound":-0.0024261370475762043,"upper_bound":-0.0003548568977084221},"point_estimate":-0.0011005872542484418,"standard_error":0.0005499236049061852}}