{"mean":{"confidence_interval":{"confidence_level":0.95,"lower_bound":-0.0022133627748142175,"upper_bound":-0.0004333414781241025},"point_estimate":-0.0012922312997424301,"standard_error":0.0004551334467925176},"median":{"confidence_interval":{"confidence_level":0.95,"lower_bound":-0.0011473145049533556,"upper_bound":0.00043741668209373863},"point_estimate":0.000014317070940350618,"standard_error":0.0004712082062953316}}