{"mean":{"confidence_interval":{"confidence_level":0.95,"lower_bound":1055010626.885,"upper_bound":1057018704.3845},"point_estimate":1055899264.0,"standard_error":516790.13066651777},"median":{"confidence_interval":{"confidence_level":0.95,"lower_bound":1054164142.0,"upper_bound":1054537181.0},"point_estimate":1054260154.5,"standard_error":100210.70356416926},"median_abs_dev":{"confidence_interval":{"confidence_level":0.95,"lower_bound":618135.959225893,"upper_bound":1162242.7365660667},"point_estimate":810484.0320110321,"standard_error":146678.60249493757},"slope":null,"std_dev":{"confidence_interval":{"confidence_level":0.95,"lower_bound":2532019.6389313033,"upper_bound":7573008.222421542},"point_estimate":5188237.526425991,"standard_error":1322298.3548018208}}