{"mean":{"confidence_interval":{"confidence_level":0.95,"lower_bound":-0.010597855892562376,"upper_bound":-0.00018137300630173474},"point_estimate":-0.005353266767912812,"standard_error":0.0026471734418074882},"median":{"confidence_interval":{"confidence_level":0.95,"lower_bound":-0.009167001675961073,"upper_bound":0.003473725252943316},"point_estimate":-0.0018089419425224573,"standard_error":0.003233376947432855}}