{"mean":{"confidence_interval":{"confidence_level":0.95,"lower_bound":13122217.8811875,"upper_bound":13160824.1825},"point_estimate":13137808.785,"standard_error":10120.596643527404},"median":{"confidence_interval":{"confidence_level":0.95,"lower_bound":13109628.25,"upper_bound":13132735.25},"point_estimate":13118084.0,"standard_error":5938.37368022115},"median_abs_dev":{"confidence_interval":{"confidence_level":0.95,"lower_bound":28963.517110794783,"upper_bound":46598.67314770818},"point_estimate":35914.50176239014,"standard_error":4447.194871628945},"slope":null,"std_dev":{"confidence_interval":{"confidence_level":0.95,"lower_bound":37622.64456375049,"upper_bound":164026.21052779275},"point_estimate":101658.94329095751,"standard_error":41793.034795924774}}