{"mean":{"confidence_interval":{"confidence_level":0.95,"lower_bound":3387.058118962046,"upper_bound":3434.272213392253},"point_estimate":3404.2765461890954,"standard_error":13.312903986449516},"median":{"confidence_interval":{"confidence_level":0.95,"lower_bound":3379.9081561214666,"upper_bound":3386.008105802048},"point_estimate":3384.52762879896,"standard_error":2.5600310456850672},"median_abs_dev":{"confidence_interval":{"confidence_level":0.95,"lower_bound":1.1184865060945692,"upper_bound":9.249198349362844},"point_estimate":7.02650590590703,"standard_error":3.118641986729074},"slope":{"confidence_interval":{"confidence_level":0.95,"lower_bound":3385.6633282744533,"upper_bound":3398.902598555517},"point_estimate":3391.8477111620286,"standard_error":3.394251031986277},"std_dev":{"confidence_interval":{"confidence_level":0.95,"lower_bound":17.85193059931084,"upper_bound":225.24842711185244},"point_estimate":133.25757063769396,"standard_error":69.69068524342366}}