{"mean":{"confidence_interval":{"confidence_level":0.95,"lower_bound":175305.11757457984,"upper_bound":177639.54218269637},"point_estimate":176193.56398708277,"standard_error":633.4661817677434},"median":{"confidence_interval":{"confidence_level":0.95,"lower_bound":175244.52487738163,"upper_bound":175268.6896551724},"point_estimate":175255.39882154882,"standard_error":6.178027152060655},"median_abs_dev":{"confidence_interval":{"confidence_level":0.95,"lower_bound":42.31995568763527,"upper_bound":84.5197645039259},"point_estimate":60.32860113355998,"standard_error":11.028053544974206},"slope":{"confidence_interval":{"confidence_level":0.95,"lower_bound":175256.6890436776,"upper_bound":175327.1285087938},"point_estimate":175286.52169696073,"standard_error":18.155566269827485},"std_dev":{"confidence_interval":{"confidence_level":0.95,"lower_bound":175.88181673487952,"upper_bound":10561.414790456325},"point_estimate":6382.837670608503,"standard_error":2992.9060300997717}}