{"mean":{"confidence_interval":{"confidence_level":0.95,"lower_bound":-0.13310804997052736,"upper_bound":-0.12124713441240241},"point_estimate":-0.1272767063849849,"standard_error":0.003036569439273163},"median":{"confidence_interval":{"confidence_level":0.95,"lower_bound":-0.1396836725700098,"upper_bound":-0.1185958208774196},"point_estimate":-0.13068129328117895,"standard_error":0.00550849140115608}}