{"mean":{"confidence_interval":{"confidence_level":0.95,"lower_bound":-0.010976041493559865,"upper_bound":-0.00850688178613785},"point_estimate":-0.009764101092094468,"standard_error":0.00063087320575901},"median":{"confidence_interval":{"confidence_level":0.95,"lower_bound":-0.011776955478741469,"upper_bound":-0.010222375915729276},"point_estimate":-0.011069760431259845,"standard_error":0.000379432121077236}}