{"mean":{"confidence_interval":{"confidence_level":0.95,"lower_bound":6689042.595,"upper_bound":6807697.49},"point_estimate":6738907.84875,"standard_error":30578.6311949906},"median":{"confidence_interval":{"confidence_level":0.95,"lower_bound":6630922.125,"upper_bound":6723754.0},"point_estimate":6683246.125,"standard_error":22978.71823215998},"median_abs_dev":{"confidence_interval":{"confidence_level":0.95,"lower_bound":111886.0749386251,"upper_bound":191460.36605089903},"point_estimate":146234.95112881064,"standard_error":20270.63840458157},"slope":null,"std_dev":{"confidence_interval":{"confidence_level":0.95,"lower_bound":140835.2303563293,"upper_bound":479970.3982632398},"point_estimate":307088.87372544996,"standard_error":109705.1715258586}}