{"mean":{"confidence_interval":{"confidence_level":0.95,"lower_bound":0.0010961887519323535,"upper_bound":0.004561124549936973},"point_estimate":0.0027811056316333627,"standard_error":0.0008847627277279288},"median":{"confidence_interval":{"confidence_level":0.95,"lower_bound":0.0029650006905523885,"upper_bound":0.00692671408139911},"point_estimate":0.005777121812770458,"standard_error":0.0009905737743002407}}