{"mean":{"confidence_interval":{"confidence_level":0.95,"lower_bound":31712219.362375002,"upper_bound":31788220.934875},"point_estimate":31747353.855,"standard_error":19426.427260755056},"median":{"confidence_interval":{"confidence_level":0.95,"lower_bound":31694181.25,"upper_bound":31746376.0},"point_estimate":31724721.75,"standard_error":13621.883436741085},"median_abs_dev":{"confidence_interval":{"confidence_level":0.95,"lower_bound":92042.77156591415,"upper_bound":164484.18154232192},"point_estimate":132309.4455510378,"standard_error":18903.444523783444},"slope":null,"std_dev":{"confidence_interval":{"confidence_level":0.95,"lower_bound":116374.02057077845,"upper_bound":261906.5660440641},"point_estimate":195545.21224677903,"standard_error":36824.75649427046}}