{"mean":{"confidence_interval":{"confidence_level":0.95,"lower_bound":0.0035591748914521604,"upper_bound":0.006432133528747174},"point_estimate":0.00482787393320061,"standard_error":0.0007532776022362997},"median":{"confidence_interval":{"confidence_level":0.95,"lower_bound":0.0028864553830956208,"upper_bound":0.004770172360424985},"point_estimate":0.003655864613520743,"standard_error":0.0004528562199827883}}