{"mean":{"confidence_interval":{"confidence_level":0.95,"lower_bound":9438596.950958332,"upper_bound":9526032.220791668},"point_estimate":9482543.183333335,"standard_error":22358.949480853556},"median":{"confidence_interval":{"confidence_level":0.95,"lower_bound":9440955.833333332,"upper_bound":9531193.666666666},"point_estimate":9479783.0,"standard_error":20536.02540301783},"median_abs_dev":{"confidence_interval":{"confidence_level":0.95,"lower_bound":160167.00485646908,"upper_bound":268055.92849105597},"point_estimate":210877.11305618333,"standard_error":27302.16618415149},"slope":null,"std_dev":{"confidence_interval":{"confidence_level":0.95,"lower_bound":189281.0169759029,"upper_bound":258199.24710402632},"point_estimate":224917.38578675347,"standard_error":17625.543228164745}}