{"mean":{"confidence_interval":{"confidence_level":0.95,"lower_bound":-0.016007631521060477,"upper_bound":-0.011495698737281332},"point_estimate":-0.013727322462266489,"standard_error":0.0011472537295887544},"median":{"confidence_interval":{"confidence_level":0.95,"lower_bound":-0.012827473388582145,"upper_bound":-0.006747907592432489},"point_estimate":-0.009235348816189703,"standard_error":0.001691625937325714}}