{"mean":{"confidence_interval":{"confidence_level":0.95,"lower_bound":14833476.1721875,"upper_bound":14885371.439},"point_estimate":14857903.835,"standard_error":13236.626456033211},"median":{"confidence_interval":{"confidence_level":0.95,"lower_bound":14808907.5,"upper_bound":14823397.5},"point_estimate":14813529.875,"standard_error":3904.0782996682697},"median_abs_dev":{"confidence_interval":{"confidence_level":0.95,"lower_bound":18524.71602112055,"upper_bound":30222.615138441324},"point_estimate":23111.324364691973,"standard_error":2966.662403657023},"slope":null,"std_dev":{"confidence_interval":{"confidence_level":0.95,"lower_bound":93973.42489986442,"upper_bound":162414.18977662365},"point_estimate":132772.55423549973,"standard_error":17417.694686490086}}