{"mean":{"confidence_interval":{"confidence_level":0.95,"lower_bound":0.010613059434290717,"upper_bound":0.014972094793842396},"point_estimate":0.012719632122924374,"standard_error":0.0011103265390207556},"median":{"confidence_interval":{"confidence_level":0.95,"lower_bound":0.01167993893818231,"upper_bound":0.01528621274342612},"point_estimate":0.013304893364230574,"standard_error":0.0009393535776436868}}