{"mean":{"confidence_interval":{"confidence_level":0.95,"lower_bound":0.08673372874293284,"upper_bound":0.0977351664752846},"point_estimate":0.09165870325401526,"standard_error":0.0028218560457072637},"median":{"confidence_interval":{"confidence_level":0.95,"lower_bound":0.0838397860538657,"upper_bound":0.08597806579786482},"point_estimate":0.0846145297148253,"standard_error":0.0005443666939967486}}