{"mean":{"confidence_interval":{"confidence_level":0.95,"lower_bound":5874750.582361113,"upper_bound":5880745.106472219},"point_estimate":5877556.586666668,"standard_error":1518.8277097113014},"median":{"confidence_interval":{"confidence_level":0.95,"lower_bound":5871284.833333334,"upper_bound":5878522.444444444},"point_estimate":5874063.0,"standard_error":1713.5307774415794},"median_abs_dev":{"confidence_interval":{"confidence_level":0.95,"lower_bound":8987.521040438914,"upper_bound":14117.156334369849},"point_estimate":11720.941191911466,"standard_error":1245.7869563780976},"slope":null,"std_dev":{"confidence_interval":{"confidence_level":0.95,"lower_bound":10199.527544000828,"upper_bound":20243.35301292706},"point_estimate":15275.01976047484,"standard_error":2635.5906294865263}}