{"mean":{"confidence_interval":{"confidence_level":0.95,"lower_bound":30394152.8245,"upper_bound":30426808.00775},"point_estimate":30410276.47,"standard_error":8318.414847810467},"median":{"confidence_interval":{"confidence_level":0.95,"lower_bound":30379875.75,"upper_bound":30425729.25},"point_estimate":30404945.5,"standard_error":14635.142832909525},"median_abs_dev":{"confidence_interval":{"confidence_level":0.95,"lower_bound":66507.95221924782,"upper_bound":113512.3017847538},"point_estimate":89238.4337157011,"standard_error":11672.039865976385},"slope":null,"std_dev":{"confidence_interval":{"confidence_level":0.95,"lower_bound":73008.2585994744,"upper_bound":93613.08639650047},"point_estimate":83825.42632859563,"standard_error":5274.69479349369}}