{"mean":{"confidence_interval":{"confidence_level":0.95,"lower_bound":9457410997.13875,"upper_bound":9474338367.7845},"point_estimate":9465799047.1,"standard_error":4312885.063667837},"median":{"confidence_interval":{"confidence_level":0.95,"lower_bound":9432066722.0,"upper_bound":9491677056.5},"point_estimate":9438732727.0,"standard_error":15968097.827383947},"median_abs_dev":{"confidence_interval":{"confidence_level":0.95,"lower_bound":12456875.161423765,"upper_bound":77466030.24320304},"point_estimate":24753913.18413019,"standard_error":16919898.60188172},"slope":null,"std_dev":{"confidence_interval":{"confidence_level":0.95,"lower_bound":38751581.11271216,"upper_bound":47459760.53665708},"point_estimate":43383122.8340608,"standard_error":2225776.39123306}}