{"mean":{"confidence_interval":{"confidence_level":0.95,"lower_bound":47791919.85,"upper_bound":47838952.121},"point_estimate":47814679.49,"standard_error":11969.52011132501},"median":{"confidence_interval":{"confidence_level":0.95,"lower_bound":47771962.75,"upper_bound":47839409.0},"point_estimate":47804848.5,"standard_error":20349.08300608682},"median_abs_dev":{"confidence_interval":{"confidence_level":0.95,"lower_bound":94416.04347378016,"upper_bound":146468.2752996683},"point_estimate":116669.12777870893,"standard_error":13198.306025233893},"slope":null,"std_dev":{"confidence_interval":{"confidence_level":0.95,"lower_bound":94351.91122656439,"upper_bound":153233.5628962534},"point_estimate":120874.13096678155,"standard_error":16201.839214940048}}