{"mean":{"confidence_interval":{"confidence_level":0.95,"lower_bound":-0.049905501144968376,"upper_bound":-0.02739052405189359},"point_estimate":-0.03856590462101428,"standard_error":0.005755236509151398},"median":{"confidence_interval":{"confidence_level":0.95,"lower_bound":-0.0030724661008530996,"upper_bound":0.001027592109558606},"point_estimate":-0.0006216327048628179,"standard_error":0.0014473120659872461}}