{"mean":{"confidence_interval":{"confidence_level":0.95,"lower_bound":4890792.07190909,"upper_bound":4899137.074545455},"point_estimate":4894743.55909091,"standard_error":2135.629777432469},"median":{"confidence_interval":{"confidence_level":0.95,"lower_bound":4884847.0,"upper_bound":4895171.454545454},"point_estimate":4890106.0,"standard_error":2593.7442116333846},"median_abs_dev":{"confidence_interval":{"confidence_level":0.95,"lower_bound":11969.08855455224,"upper_bound":21068.419535051064},"point_estimate":14933.757798508914,"standard_error":2310.4061852675854},"slope":null,"std_dev":{"confidence_interval":{"confidence_level":0.95,"lower_bound":14823.495001802828,"upper_bound":28106.984155737293},"point_estimate":21404.66639901891,"standard_error":3490.992529956309}}