{"mean":{"confidence_interval":{"confidence_level":0.95,"lower_bound":11692620.320000002,"upper_bound":11879073.393499997},"point_estimate":11771246.315999996,"standard_error":49050.71196637968},"median":{"confidence_interval":{"confidence_level":0.95,"lower_bound":11679601.8,"upper_bound":11697081.6},"point_estimate":11688707.600000001,"standard_error":4539.359013895005},"median_abs_dev":{"confidence_interval":{"confidence_level":0.95,"lower_bound":22716.24853670514,"upper_bound":40199.66046631447},"point_estimate":28555.765053033276,"standard_error":4275.403930972936},"slope":null,"std_dev":{"confidence_interval":{"confidence_level":0.95,"lower_bound":36855.730576446025,"upper_bound":761355.4536996889},"point_estimate":493358.5070460343,"standard_error":185119.92364422686}}